{"a_0.4_b_0.0": {"auc_roc": 0.9476668978936272, "recall_1": 0.2692725298588491, "recall_5": 0.46370404839460216, "recall_10": 0.5352101752753219}, "a_0.4_b_0.4": {"auc_roc": 0.949035777359982, "recall_1": 0.278191406855902, "recall_5": 0.46866759733209246, "recall_10": 0.539320614239181}, "a_0.4_b_0.2": {"auc_roc": 0.9491039687058115, "recall_1": 0.27881185047308826, "recall_5": 0.4668062664805336, "recall_10": 0.5367612843182876}, "a_0.4_b_0.6": {"auc_roc": 0.9499775782345959, "recall_1": 0.2750891887699705, "recall_5": 0.4675042655498682, "recall_10": 0.5352877307274702}, "a_0.4_b_0.0_new": {"auc_roc": 0.9347867889461856, "recall_1": 0.28134038097137726, "recall_5": 0.4879824473920415, "recall_10": 0.5622818390346066}, "a_0.4_b_0.4_new": {"auc_roc": 0.9391356276302766, "recall_1": 0.2830358033310063, "recall_5": 0.4853894484890795, "recall_10": 0.5623815697616436}, "a_0.4_b_0.2_new": {"auc_roc": 0.937344601581709, "recall_1": 0.2829360726039693, "recall_5": 0.4905754462950035, "recall_10": 0.5627804926697916}, "a_0.4_b_0.6_new": {"auc_roc": 0.9374418794119458, "recall_1": 0.28223795751471026, "recall_5": 0.4895781390246335, "recall_10": 0.5616834546723846}, "a_0.4_b_0.8_new": {"auc_roc": 0.9382732897904816, "recall_1": 0.2807419966091553, "recall_5": 0.4879824473920415, "recall_10": 0.5637777999401615}, "a_0.4_b_1.0_new": {"auc_roc": 0.9384506375194798, "recall_1": 0.2818390346065623, "recall_5": 0.4889797546624115, "recall_10": 0.5598883015857186}}